measured_paint_id,measured_name,brand,best_db_paint_id,best_db_name,score,resolved_db_paint_id
army-painter-wph-paratrooper-tan,/ WPH Paratrooper Tan,Army Painter,army-painter-paratrooper-tan,Paratrooper Tan,0.882,
army-painter-wph-leather-brown,/ WPH Leather Brown,Army Painter,army-painter-leather-brown,Leather Brown,0.867,
army-painter-wph-matt-white,/ WPH Matt White,Army Painter,army-painter-matt-white,Matt White,0.833,
army-painter-wph-matt-black,/ WPH Matt Black,Army Painter,army-painter-matt-black,Matt Black,0.833,
army-painter-boot-brown,Boot Brown,Army Painter,army-painter-bootstrap-brown,Bootstrap Brown,0.800,
army-painter-camo-brown,Camo Brown,Army Painter,army-painter-oak-brown,Oak Brown,0.737,
army-painter-fair-skin,Fair Skin,Army Painter,army-painter-pearl-skin,Pearl Skin,0.737,
army-painter-dark-olive,Dark Olive,Army Painter,army-painter-dark-tone,Dark Tone,0.737,
army-painter-jb-heavy-metal,JB Heavy Metal,Army Painter,army-painter-death-metal,Death Metal,0.710,
army-painter-gun-metal-wph-steel,Gun Metal (= WPH Steel),Army Painter,army-painter-gun-metal,Gun Metal,0.706,
army-painter-rifle-brown,Rifle Brown,Army Painter,army-painter-fur-brown,Fur Brown,0.700,
army-painter-webbing-green,Webbing Green,Army Painter,army-painter-wild-green,Wild Green,0.696,
army-painter-jb-tainted-garden,JB Tainted Garden,Army Painter,army-painter-tainted-gold,Tainted Gold,0.690,
army-painter-barbarian-flesh-wph-rosy-skin,Barbarian Flesh (= WPH Rosy Skin),Army Painter,army-painter-barbarian-flesh,Barbarian Flesh,0.682,
army-painter-jb-fiery-vermilion,JB Fiery Vermilion,Army Painter,army-painter-violent-vermillion,Violent Vermillion,0.667,
army-painter-camo-sand,Camo Sand,Army Painter,army-painter-pale-sand,Pale Sand,0.667,
army-painter-pa-tan-flesh,PA Tan Flesh,Army Painter,army-painter-barbarian-flesh,Barbarian Flesh,0.667,
army-painter-strap-grey,Strap Grey,Army Painter,army-painter-ash-grey,Ash Grey,0.667,
army-painter-german-camo-green,German Camo Green,Army Painter,army-painter-guardian-green,Guardian Green,0.645,
army-painter-dark-battle-dress,Dark Battle Dress,Army Painter,army-painter-dark-blue-tone,Dark Blue Tone,0.645,
army-painter-jb-ironclad-grey,JB Ironclad Grey,Army Painter,army-painter-brigade-grey,Brigade Grey,0.643,
army-painter-jb-ruddy-terra,JB Ruddy Terra,Army Painter,army-painter-ruddy-umber,Ruddy Umber,0.640,
army-painter-tanker-grey,Tanker Grey,Army Painter,army-painter-angel-green,Angel Green,0.636,
army-painter-jb-banshee-brown,JB Banshee Brown,Army Painter,army-painter-brigandine-brown,Brigandine Brown,0.625,
army-painter-jb-blanched-berry,JB Blanched Berry,Army Painter,army-painter-mulled-berry,Mulled Berry,0.621,
army-painter-imperial-navy-wph-ensign-blue,Imperial Navy (= WPH Ensign Blue),Army Painter,army-painter-imperial-navy,Imperial Navy,0.619,
army-painter-jb-blighted-green,JB Blighted Green,Army Painter,army-painter-glittering-green,Glittering Green,0.606,
army-painter-british-camo-green,British Camo Green,Army Painter,army-painter-scarab-green,Scarab Green,0.600,
army-painter-light-feldgrau,Light Feldgrau,Army Painter,army-painter-light-tone,Light Tone,0.583,
army-painter-medium-drab,Medium Drab,Army Painter,army-painter-doomfire-drab,Doomfire Drab,0.583,
army-painter-shadow-thorn,Shadow Thorn,Army Painter,army-painter-soft-tone,Soft Tone,0.571,
army-painter-jb-bramble-grove,JB Bramble Grove,Army Painter,army-painter-brigade-grey,Brigade Grey,0.571,
army-painter-olive-drab-wph-light-grab,Olive Drab (= WPH Light Grab),Army Painter,army-painter-olive-drab,Olive Drab,0.571,
army-painter-jb-midnight-olive,JB Midnight Olive,Army Painter,army-painter-bright-gold,Bright Gold,0.571,
army-painter-light-battle-dress,Light Battle Dress,Army Painter,army-painter-light-tone,Light Tone,0.571,
army-painter-scarab-green-wph-commando-green,Scarab Green (= WPH Commando Green),Army Painter,army-painter-scarab-green,Scarab Green,0.558,
army-painter-jb-frostveil,JB Frostveil,Army Painter,army-painter-frost-blue,Frost Blue,0.545,
army-painter-jb-skyshard,JB Skyshard,Army Painter,army-painter-dark-skin-shade,Dark Skin Shade,0.538,
army-painter-webbing-khaki,Webbing Khaki,Army Painter,army-painter-command-khaki,Command Khaki,0.538,
army-painter-jb-emperor-gold,JB Emperor Gold,Army Painter,army-painter-bright-gold,Bright Gold,0.538,
army-painter-beret-maroon,Beret Maroon,Army Painter,army-painter-forest-faun,Forest Faun,0.522,
army-painter-jb-blood-thorn,JB Blood Thorn,Army Painter,army-painter-blue-tone,Blue Tone,0.522,
army-painter-jb-umberroot,JB Umberroot,Army Painter,army-painter-ruddy-umber,Ruddy Umber,0.522,
army-painter-jb-moonpetal,JB Moonpetal,Army Painter,army-painter-cobalt-metal,Cobalt Metal,0.519,
army-painter-dark-drab-dark-feldgrau,Dark Drab / Dark Feldgrau,Army Painter,army-painter-dark-emerald,Dark Emerald,0.514,
army-painter-agate-skin-wph-weathered-skin,Agate Skin (= WPH Weathered Skin),Army Painter,army-painter-agate-skin,Agate Skin,0.513,
army-painter-jb-emberveil,JB Emberveil,Army Painter,army-painter-dark-emerald,Dark Emerald,0.500,
army-painter-jb-the-darkness,JB The Darkness,Army Painter,army-painter-dark-tone,Dark Tone,0.500,
army-painter-mid-feldgrau,Mid Feldgrau,Army Painter,army-painter-weird-elixir,Weird Elixir,0.500,
army-painter-jb-thicket-grove,JB Thicket Grove,Army Painter,army-painter-brigade-grey,Brigade Grey,0.500,
army-painter-jb-ivory-white,JB Ivory White,Army Painter,army-painter-matt-white,Matt White,0.500,
army-painter-canvas,Canvas,Army Painter,army-painter-carnelian-skin,Carnelian Skin,0.500,
army-painter-jb-sunburst-ochre,JB Sunburst Ochre,Army Painter,army-painter-burning-ore,Burning Ore,0.500,
army-painter-mud-splatter,Mud Splatter,Army Painter,army-painter-temple-gate-teal,Temple Gate Teal,0.500,
army-painter-jb-gladeshard,JB Gladeshard,Army Painter,army-painter-brigade-grey,Brigade Grey,0.480,
army-painter-mid-battle-dress,Mid Battle Dress,Army Painter,army-painter-demigod-flames,Demigod Flames,0.467,
army-painter-jb-hearthborn,JB Hearthborn,Army Painter,army-painter-leather-brown,Leather Brown,0.462,
army-painter-jb-ashroot,JB Ashroot,Army Painter,army-painter-ash-grey,Ash Grey,0.444,
army-painter-jb-iceborn,JB Iceborn,Army Painter,army-painter-blood-chalice,Blood Chalice,0.435,
army-painter-jb-dewpath,JB Dewpath,Army Painter,army-painter-death-metal,Death Metal,0.417,
army-painter-pure-red-wph-flag-red-command-red,Pure Red (= WPH Flag Red / Command Red),Army Painter,army-painter-pure-red,Pure Red,0.390,
army-painter-jb-rootpath,JB Rootpath,Army Painter,army-painter-paratrooper-tan,Paratrooper Tan,0.385,
citadel-the-fang,The Fang,Citadel,citadel-the-fang-grey,The Fang Grey,0.762,
citadel-corax-white,Corax White,Citadel,citadel-praxeti-white,Praxeti White,0.750,
citadel-orruk-flesh,Orruk Flesh,Citadel,citadel-ungor-flesh,Ungor Flesh,0.727,
citadel-nocturne-green,Nocturne Green,Citadel,citadel-sotek-green,Sotek Green,0.720,
citadel-vulkan-green,Vulkan Green,Citadel,citadel-caliban-green,Caliban Green,0.720,
citadel-bloodreaver-flesh,Bloodreaver Flesh,Citadel,citadel-eldar-flesh,Eldar Flesh,0.714,
citadel-deepkin-flesh,Deepkin Flesh,Citadel,citadel-ratskin-flesh,Ratskin Flesh,0.692,
citadel-catachan-flesh,Catachan Flesh,Citadel,citadel-waaagh-flesh,Waaagh! Flesh,0.692,
citadel-thondia-brown,Thondia Brown,Citadel,citadel-gorthor-brown,Gorthor Brown,0.692,
citadel-word-bearers-red,Word Bearers Red,Citadel,citadel-wild-rider-red,Wild Rider Red,0.667,
citadel-night-lords-blue,Night Lords Blue,Citadel,citadel-kantor-blue,Kantor Blue,0.667,
citadel-lupercal-green,Lupercal Green,Citadel,citadel-caliban-green,Caliban Green,0.667,
citadel-iron-hands-steel,Iron Hands Steel,Citadel,citadel-runefang-steel,Runefang Steel,0.667,
citadel-castallax-bronze,Castallax Bronze,Citadel,citadel-sycorax-bronze,Sycorax Bronze,0.667,
citadel-knight-questor-flesh,Knight- Questor Flesh,Citadel,citadel-bestigor-flesh,Bestigor Flesh,0.647,
citadel-morghast-bone,Morghast Bone,Citadel,citadel-ushabti-bone,Ushabti Bone,0.640,
citadel-gal-vorbak-red,Gal Vorbak Red,Citadel,citadel-astorath-red,Astorath Red,0.615,
citadel-perisher-pink,Perisher Pink,Citadel,citadel-screamer-pink,Screamer Pink,0.615,
citadel-hobgrot-hide,Hobgrot Hide,Citadel,citadel-rhinox-hide,Rhinox Hide,0.609,
citadel-corvus-black,Corvus Black,Citadel,citadel-chronus-blue,Chronus Blue,0.583,
citadel-phoenician-purple,Phoenician Purple,Citadel,citadel-fenrisian-grey,Fenrisian Grey,0.581,
citadel-wraithbone,Wraithbone,Citadel,citadel-karak-stone,Karak Stone,0.571,
citadel-sons-of-horus-green,Sons of Horus Green,Citadel,citadel-moot-green,Moot Green,0.552,
citadel-death-korps-drab,Death Korps Drab,Citadel,citadel-death-guard-green,Death Guard Green,0.545,
citadel-kakophoni-purple,Kakophoni Purple,Citadel,citadel-khorne-red,Khorne Red,0.538,
citadel-canoptek-alloy,Canoptek Alloy,Citadel,citadel-casandora-yellow,Casandora Yellow,0.533,
citadel-grey-knights-steel,Grey Knights Steel,Citadel,citadel-drakenhof-nightshade,Drakenhof Nightshade,0.526,
citadel-ionrach-skin,Ionrach Skin,Citadel,citadel-ironbreaker,Ironbreaker,0.522,
citadel-grey-seer,Grey Seer,Citadel,citadel-agrellan-earth,Agrellan Earth,0.522,
citadel-barak-nar-burgundy,Barak-nar Burgundy,Citadel,citadel-balthasar-gold,Balthasar Gold,0.500,
citadel-iron-warriors,Iron Warriors,Citadel,citadel-ironbreaker,Ironbreaker,0.500,
vallejo-model-light-orange,Light Orange,Vallejo,vallejo-model-color-bright-orange,Bright Orange,0.880,
vallejo-model-intermediate-green,Intermediate Green,Vallejo,vallejo-model-color-intermediate-green-fern,Intermediate Green Fern,0.878,
vallejo-model-bc-dark-brown,BC Dark Brown,Vallejo,vallejo-model-wash-dark-brown,Dark Brown,0.870,
vallejo-model-infantry-blue,Infantry Blue,Vallejo,vallejo-model-color-infantry-blue-sky,Infantry Blue Sky,0.867,
vallejo-model-german-orange,German Orange,Vallejo,vallejo-model-color-german-orange-old,German Orange Old,0.867,
vallejo-model-light-blue-green,Light Blue Green,Vallejo,vallejo-model-color-light-blue-green-blue,Light Blue Green Blue,0.865,
vallejo-model-light-green-blue,Light Green Blue,Vallejo,vallejo-model-color-light-blue-green-blue,Light Blue Green Blue,0.865,
vallejo-model-cam-middle-brown,Cam. Middle Brown,Vallejo,vallejo-model-color-cam-middle-brownburnt,Cam. Middle BrownBurnt,0.865,
vallejo-model-park-green-flat,Park Green Flat,Vallejo,vallejo-model-color-park-green-flat-deep,Park Green Flat Deep,0.857,
vallejo-model-lime-green,Lime Green,Vallejo,vallejo-model-wash-olive-green,Olive Green,0.857,
vallejo-model-sand-yellow,Sand Yellow,Vallejo,vallejo-game-color-sun-yellow,Sun Yellow,0.857,
vallejo-model-violet-grey,Violet Grey,Vallejo,vallejo-model-color-violet-red,Violet Red,0.857,
vallejo-model-black-grey,Black Grey,Vallejo,vallejo-game-color-black-green,Black Green,0.857,
vallejo-model-med-flesh-tone,Med. Flesh Tone,Vallejo,vallejo-model-color-med-flesh-tone-light,Med. Flesh Tone Light,0.850,
vallejo-model-dark-vermilion,Dark Vermilion,Vallejo,vallejo-model-color-dark-vermilion-flat,Dark Vermilion Flat,0.848,
vallejo-model-splinter-green,Splinter Green,Vallejo,vallejo-model-color-splinter-green-park,Splinter Green Park,0.848,
vallejo-model-chestnut-brown,Chestnut Brown,Vallejo,vallejo-model-color-chestnut-brown-flat,Chestnut Brown Flat,0.848,
vallejo-model-carmine-red,Carmine Red,Vallejo,vallejo-model-color-carmine-red-red,Carmine Red Red,0.846,
vallejo-model-continental-blue,Continental Blue,Vallejo,vallejo-model-color-continental-blue-light,Continental Blue Light,0.842,
vallejo-model-blue-green,Blue Green,Vallejo,vallejo-model-wash-blue-grey,Blue Grey,0.842,
vallejo-model-prussian-blue,Prussian Blue,Vallejo,vallejo-model-color-prussian-blue-dark,Prussian Blue Dark,0.839,
vallejo-model-german-yellow,German Yellow,Vallejo,vallejo-model-color-german-yellow-dark,German Yellow Dark,0.839,
vallejo-model-dark-prussian-blue,Dark Prussian Blue,Vallejo,vallejo-model-color-dark-prussian-blue-pastel,Dark Prussian Blue Pastel,0.837,
vallejo-model-ger-field-grey-wwii,Ger. Field- grey WWII,Vallejo,vallejo-model-color-ger-fieldgrey-wwiigerman,Ger. Fieldgrey WWIIGerman,0.837,
vallejo-model-orange-brown,Orange Brown,Vallejo,vallejo-game-color-grunge-brown,Grunge Brown,0.833,
vallejo-model-dark-sea-green,Dark Sea Green,Vallejo,vallejo-game-color-dark-green,Dark Green,0.833,
vallejo-model-flat-green,Flat Green,Vallejo,vallejo-model-color-flat-green-cam,Flat Green Cam.,0.833,
vallejo-model-cam-dark-green,Cam. Dark Green,Vallejo,vallejo-game-color-dark-green,Dark Green,0.833,
vallejo-model-green-grey,Green Grey,Vallejo,vallejo-model-color-green-grey-ger,Green Grey Ger.,0.833,
vallejo-model-stone-grey,Stone Grey,Vallejo,vallejo-game-color-stonewall-grey,Stonewall Grey,0.833,
vallejo-model-ochre-brown,Ochre Brown,Vallejo,vallejo-game-color-charred-brown,Charred Brown,0.833,
vallejo-model-sunny-skin-tone,Sunny Skin Tone,Vallejo,vallejo-model-color-sunny-skin-tone-beige,Sunny Skin Tone Beige,0.833,
vallejo-model-germ-beige-wwii,Germ. Beige WWII,Vallejo,vallejo-model-color-germ-beige-wwii-khaki,Germ. Beige WWII Khaki,0.833,
vallejo-model-dark-rose,Dark Rose,Vallejo,vallejo-model-color-dark-red,Dark Red,0.824,
vallejo-game-bile-green,Bile Green,Vallejo,vallejo-true-metallic-beetle-green,Beetle Green,0.818,
vallejo-model-pale-sand,Pale Sand,Vallejo,vallejo-model-color-pale-sand-ice,Pale Sand Ice,0.818,
vallejo-model-grey-brown,Grey Brown,Vallejo,vallejo-game-color-grunge-brown,Grunge Brown,0.818,
vallejo-model-pale-brown,Pale Brown,Vallejo,vallejo-game-color-plague-brown,Plague Brown,0.818,
vallejo-model-dark-sea-grey,Dark Sea Grey,Vallejo,vallejo-model-wash-dark-grey,Dark Grey,0.818,
vallejo-model-pastel-blue,Pastel Blue,Vallejo,vallejo-model-color-pastel-blue-flat,Pastel Blue Flat,0.815,
vallejo-model-medium-grey,Medium Grey,Vallejo,vallejo-model-color-medium-grey-germ,Medium Grey Germ.,0.815,
vallejo-model-medium-grey-blue,Medium Grey Blue,Vallejo,vallejo-model-color-medium-grey-germ,Medium Grey Germ.,0.812,
vallejo-model-basic-skin-tone,Basic Skin Tone,Vallejo,vallejo-model-color-basic-skin-tone-salmon,Basic Skin Tone Salmon,0.811,
vallejo-model-black-red,Black Red,Vallejo,vallejo-game-color-black-green,Black Green,0.800,
vallejo-model-black-violet,Black Violet,Vallejo,vallejo-model-color-black-violet-azure,Black Violet Azure,0.800,
vallejo-model-pastel-green,Pastel Green,Vallejo,vallejo-model-color-pastel-green-green,Pastel Green Green,0.800,
vallejo-model-fern-green,Fern Green,Vallejo,vallejo-model-color-fern-green-flat,Fern Green Flat,0.800,
vallejo-model-german-uniform,German Uniform,Vallejo,vallejo-model-color-german-uniform-bronze,German Uniform Bronze,0.800,
vallejo-model-military-green,Military Green,Vallejo,vallejo-model-color-military-green-pastel,Military Green Pastel,0.800,
vallejo-model-dark-flesh,Dark Flesh,Vallejo,vallejo-game-color-dead-flesh,Dead Flesh,0.800,
vallejo-model-flat-flesh,Flat Flesh,Vallejo,vallejo-model-color-flat-flesh-dark,Flat Flesh Dark,0.800,
vallejo-model-cork-brown,Cork Brown,Vallejo,vallejo-model-wash-dark-brown,Dark Brown,0.800,
vallejo-model-cam-black-brown,Cam. Black Brown,Vallejo,vallejo-model-color-cam-black-green,Cam. Black Green,0.800,
vallejo-model-deep-sky-blue,Deep Sky Blue,Vallejo,vallejo-model-color-deep-sky-blue-andrea,Deep Sky Blue Andrea,0.788,
vallejo-model-gunship-green,Gunship Green,Vallejo,vallejo-model-color-gunship-green-german,Gunship Green German,0.788,
vallejo-model-uniform-green,Uniform Green,Vallejo,vallejo-model-color-uniform-green-medium,Uniform Green Medium,0.788,
vallejo-model-medium-blue,Medium Blue,Vallejo,vallejo-model-color-medium-blue-light,Medium Blue Light,0.786,
vallejo-model-light-flesh,Light Flesh,Vallejo,vallejo-model-color-light-flesh-basic,Light Flesh Basic,0.786,
vallejo-model-blue-grey-pale,Blue Grey Pale,Vallejo,vallejo-model-wash-blue-grey,Blue Grey,0.783,
vallejo-game-goblin-green,Goblin Green,Vallejo,vallejo-model-wash-olive-green,Olive Green,0.783,
vallejo-model-green-brown,Green Brown,Vallejo,vallejo-game-color-grunge-brown,Grunge Brown,0.783,
vallejo-model-orange-ochre,Orange Ochre,Vallejo,vallejo-game-color-orange-fire,Orange Fire,0.783,
vallejo-model-beige-red,Beige Red,Vallejo,vallejo-model-color-beige-red-cork,Beige Red Cork,0.783,
vallejo-model-flat-brown,Flat Brown,Vallejo,vallejo-game-color-leather-brown,Leather Brown,0.783,
vallejo-model-dark-blue-grey,Dark Blue Grey,Vallejo,vallejo-model-wash-dark-grey,Dark Grey,0.783,
vallejo-model-scarlet,Scarlet,Vallejo,vallejo-game-color-scarlet-red,Scarlet Red,0.778,
vallejo-model-bronze-green,Bronze Green,Vallejo,vallejo-model-color-bronze-green-bright,Bronze Green Bright,0.774,
vallejo-game-camouflage-green,Camouflage Green,Vallejo,vallejo-model-color-cam-olive-green,Cam. Olive Green,0.774,
vallejo-model-deep-green,Deep Green,Vallejo,vallejo-model-color-deep-green-black,Deep Green Black,0.769,
vallejo-model-luftwaffe-green,Luftwaffe Green,Vallejo,vallejo-model-color-luftwaffe-green-military,Luftwaffe Green Military,0.769,
vallejo-model-light-green-grey,Light Green Grey,Vallejo,vallejo-model-wash-light-grey,Light Grey,0.769,
vallejo-model-light-emerald,Light Emerald,Vallejo,vallejo-model-color-light-emerald-emerald,Light Emerald Emerald,0.765,
vallejo-model-flat-red,Flat Red,Vallejo,vallejo-model-color-flat-red-dark,Flat Red Dark,0.762,
vallejo-model-sky-blue,Sky Blue,Vallejo,vallejo-model-color-sky-blue-deep,Sky Blue Deep,0.762,
vallejo-game-jade-green,Jade Green,Vallejo,vallejo-game-color-angel-green,Angel Green,0.762,
vallejo-model-cream-white,Cream White,Vallejo,vallejo-game-color-dead-white,Dead White,0.762,
vallejo-model-desert-tan,Desert Tan,Vallejo,vallejo-model-wash-desert-dust,Desert Dust,0.762,
vallejo-model-grey-green,Grey Green,Vallejo,vallejo-game-color-angel-green,Angel Green,0.762,
vallejo-model-silver-grey,Silver Grey,Vallejo,vallejo-model-color-olive-grey,Olive Grey,0.762,
vallejo-model-gunmetal,Gunmetal,Vallejo,vallejo-game-color-dark-gunmetal,Dark Gunmetal,0.762,
vallejo-model-old-gold,Old Gold,Vallejo,vallejo-game-color-polished-gold,Polished Gold,0.762,
vallejo-model-blue-violet,Blue Violet,Vallejo,vallejo-model-color-oxford-blue-violet,Oxford Blue Violet,0.759,
vallejo-model-oxford-blue,Oxford Blue,Vallejo,vallejo-model-color-oxford-blue-violet,Oxford Blue Violet,0.759,
vallejo-model-andrea-blue,Andrea Blue,Vallejo,vallejo-model-color-andrea-blue-medium,Andrea Blue Medium,0.759,
vallejo-model-salmon-rose,Salmon Rose,Vallejo,vallejo-model-color-salmon-rose-german,Salmon Rose German,0.759,
vallejo-model-amaranth-red,Amaranth Red,Vallejo,vallejo-model-color-amaranth-red-scarlet,Amaranth Red Scarlet,0.750,
vallejo-model-flat-blue,Flat Blue,Vallejo,vallejo-model-color-flat-blue-royal,Flat Blue Royal,0.750,
vallejo-game-desert-yellow,Desert Yellow,Vallejo,vallejo-model-color-dark-yellow,Dark Yellow,0.750,
vallejo-model-japan-unif-wwii,Japan. Unif. WWII,Vallejo,vallejo-model-color-russian-unif-wwii,Russian Unif. WWII,0.750,
vallejo-model-yellow-ochre,Yellow Ochre,Vallejo,vallejo-model-color-yellow-green,Yellow Green,0.750,
vallejo-model-gold-brown,Gold Brown,Vallejo,vallejo-model-color-old-rose-brown,Old Rose Brown,0.750,
vallejo-model-desert-yellow,Desert Yellow,Vallejo,vallejo-model-color-dark-yellow,Dark Yellow,0.750,
vallejo-model-canvas,Canvas,Vallejo,vallejo-model-color-canvas-cam,Canvas Cam.,0.750,
vallejo-game-bronze-brown,Bronze Brown,Vallejo,vallejo-game-color-grunge-brown,Grunge Brown,0.750,
vallejo-model-desert-brown,Desert Brown,Vallejo,vallejo-game-color-beasty-brown,Beasty Brown,0.750,
vallejo-game-cayman-green,Cayman Green,Vallejo,vallejo-model-color-cam-black-green,Cam. Black Green,0.741,
vallejo-model-faded-red,Faded Red,Vallejo,vallejo-true-metallic-forged-red,Forged Red,0.737,
vallejo-model-grey-blue,Grey Blue,Vallejo,vallejo-model-color-royal-blue,Royal Blue,0.737,
vallejo-model-pale-blue,Pale Blue,Vallejo,vallejo-game-color-pale-flesh,Pale Flesh,0.737,
vallejo-model-burnt-red,Burnt Red,Vallejo,vallejo-model-color-sunset-red,Sunset Red,0.737,
vallejo-model-cold-white,Cold White,Vallejo,vallejo-game-color-off-white,Off-White,0.737,
vallejo-model-bright-green,Bright Green,Vallejo,vallejo-model-wash-light-grey,Light Grey,0.727,
vallejo-model-green-yellow,Green Yellow,Vallejo,vallejo-game-color-sun-yellow,Sun Yellow,0.727,
vallejo-model-beige-brown,Beige Brown,Vallejo,vallejo-model-color-light-brown,Light Brown,0.727,
vallejo-model-old-rose,Old Rose,Vallejo,vallejo-model-color-old-rose-brown,Old Rose Brown,0.727,
vallejo-model-olive-brown,Olive Brown,Vallejo,vallejo-model-color-light-brown,Light Brown,0.727,
vallejo-model-bronze,Bronze,Vallejo,vallejo-model-wash-brown,Brown,0.727,
vallejo-model-german-tank-crew,German Tank Crew,Vallejo,vallejo-model-color-tank-crew,Tank Crew,0.720,
vallejo-metal-gunmetal-grey,Gunmetal Grey,Vallejo,vallejo-game-color-neutral-grey,Neutral Grey,0.720,
vallejo-model-green-sky,Green Sky,Vallejo,vallejo-game-color-green,Green,0.714,
vallejo-model-tan-earth,Tan Earth,Vallejo,vallejo-game-color-earth,Earth,0.714,
vallejo-model-chocolate-brown,Chocolate Brown,Vallejo,vallejo-game-color-leather-brown,Leather Brown,0.714,
vallejo-model-medium-sea-grey,Medium Sea Grey,Vallejo,vallejo-model-color-medium-grey-germ,Medium Grey Germ.,0.710,
vallejo-model-dark-blue,Dark Blue,Vallejo,vallejo-model-color-dark-red,Dark Red,0.706,
vallejo-model-medium-olive,Medium Olive,Vallejo,vallejo-model-color-medium-olive-luftwaffe,Medium Olive Luftwaffe,0.706,
vallejo-model-dark-sand,Dark Sand,Vallejo,vallejo-model-color-dark-red,Dark Red,0.706,
vallejo-model-sky-grey,Sky Grey,Vallejo,vallejo-model-wash-dark-grey,Dark Grey,0.706,
vallejo-game-magic-blue,Magic Blue,Vallejo,vallejo-game-color-elfic-blue,Elfic Blue,0.700,
vallejo-model-field-blue,Field Blue,Vallejo,vallejo-game-color-elfic-blue,Elfic Blue,0.700,
vallejo-model-emerald,Emerald,Vallejo,vallejo-model-color-emerald-green,Emerald Green,0.700,
vallejo-model-brown-sand,Brown Sand,Vallejo,vallejo-model-color-brown-rose,Brown Rose,0.700,
vallejo-model-white-grey,White Grey,Vallejo,vallejo-game-color-steel-grey,Steel Grey,0.700,
vallejo-model-basalt-grey,Basalt Grey,Vallejo,vallejo-model-wash-blue-grey,Blue Grey,0.700,
vallejo-model-german-grey,German Grey,Vallejo,vallejo-game-color-warm-grey,Warm Grey,0.700,
vallejo-model-pacific-green,Pacific Green,Vallejo,vallejo-game-color-sick-green,Sick Green,0.696,
vallejo-model-flat-earth,Flat Earth,Vallejo,vallejo-model-color-flat-red-dark,Flat Red Dark,0.696,
vallejo-model-mustard-brown,Mustard Brown,Vallejo,vallejo-model-wash-dark-brown,Dark Brown,0.696,
vallejo-model-cavalry-brown,Cavalry Brown,Vallejo,vallejo-model-wash-dark-brown,Dark Brown,0.696,
vallejo-model-lavender-grey,Lavender Grey,Vallejo,vallejo-model-color-olive-grey,Olive Grey,0.696,
vallejo-model-vermilion,Vermilion,Vallejo,vallejo-model-color-vermilion-carmine,Vermilion Carmine,0.692,
vallejo-model-military-yellow,Military Yellow,Vallejo,vallejo-model-color-dark-yellow,Dark Yellow,0.692,
vallejo-model-mahogany-brown,Mahogany Brown,Vallejo,vallejo-game-color-gorgon-brown,Gorgon Brown,0.692,
vallejo-model-gunmetal-blue,Gunmetal Blue,Vallejo,vallejo-game-color-imperial-blue,Imperial Blue,0.692,
vallejo-metal-pale-burnt-metal,Pale Burnt Metal,Vallejo,vallejo-true-metallic-aged-metal,Aged Metal,0.688,
vallejo-model-dark-sea-blue,Dark Sea Blue,Vallejo,vallejo-model-color-dark-sea-blue-continental,Dark Sea Blue Continental,0.684,
vallejo-game-bloody-red,Bloody Red,Vallejo,vallejo-game-color-gory-red,Gory Red,0.667,
vallejo-game-ghost-green,Ghost Green,Vallejo,vallejo-game-color-foul-green,Foul Green,0.667,
vallejo-model-yellow-olive,Yellow Olive,Vallejo,vallejo-game-color-yellow,Yellow,0.667,
vallejo-model-saddle-brown,Saddle Brown,Vallejo,vallejo-game-color-plague-brown,Plague Brown,0.667,
vallejo-metal-steel,Steel,Vallejo,vallejo-game-color-steel-grey,Steel Grey,0.667,
vallejo-metal-dark-aluminium,Dark Aluminium,Vallejo,vallejo-model-color-dark-flesh-med,Dark Flesh Med.,0.645,
vallejo-model-clear-orange,Clear Orange,Vallejo,vallejo-game-color-sunset-orange,Sunset Orange,0.640,
vallejo-model-green-ochre,Green Ochre,Vallejo,vallejo-model-color-green-grey-ger,Green Grey Ger.,0.640,
vallejo-model-medium-brown,Medium Brown,Vallejo,vallejo-game-color-charred-brown,Charred Brown,0.640,
vallejo-model-gloss-black,Gloss Black,Vallejo,vallejo-true-metallic-obsidian-black,Obsidian Black,0.640,
vallejo-model-red-leather,Red Leather,Vallejo,vallejo-model-wash-oiled-earth,Oiled Earth,0.636,
vallejo-model-luftwaffe-uniform,Luftwaffe Uniform,Vallejo,vallejo-model-color-luftwaffe-green-military,Luftwaffe Green Military,0.634,
vallejo-model-london-grey,London Grey,Vallejo,vallejo-model-wash-off-grey,Off-Grey,0.632,
vallejo-model-pale-grey-blue,Pale Grey Blue,Vallejo,vallejo-model-color-light-blue-green-blue,Light Blue Green Blue,0.629,
vallejo-model-ivory,Ivory,Vallejo,vallejo-model-color-ivory-light,Ivory Light,0.625,
vallejo-model-hull-red,Hull Red,Vallejo,vallejo-game-color-evil-red,Evil Red,0.625,
vallejo-model-natural-steel,Natural Steel,Vallejo,vallejo-game-color-nocturnal-red,Nocturnal Red,0.615,
vallejo-model-us-olive-drab,US Olive Drab,Vallejo,vallejo-model-color-olive-grey,Olive Grey,0.609,
vallejo-metal-burnt-iron,Burnt Iron,Vallejo,vallejo-game-color-bright-bronze,Bright Bronze,0.609,
vallejo-metal-duraluminium,Duraluminium,Vallejo,vallejo-model-color-andrea-blue-medium,Andrea Blue Medium,0.600,
vallejo-metal-copper,Copper,Vallejo,vallejo-true-metallic-ancient-copper,Ancient Copper,0.600,
vallejo-model-copper,Copper,Vallejo,vallejo-true-metallic-ancient-copper,Ancient Copper,0.600,
vallejo-model-middle-stone,Middle Stone,Vallejo,vallejo-game-color-dark-flesh-tone,Dark Flesh Tone,0.593,
vallejo-model-english-uniform,English Uniform,Vallejo,vallejo-model-color-olive-green-uniform,Olive Green Uniform,0.588,
vallejo-model-brass,Brass,Vallejo,vallejo-game-color-brassy-brass,Brassy Brass,0.588,
vallejo-model-beige,Beige,Vallejo,vallejo-model-wash-blue-grey,Blue Grey,0.571,
vallejo-metal-chrome,Chrome,Vallejo,vallejo-game-color-charcoal,Charcoal,0.571,
vallejo-model-azure,Azure,Vallejo,vallejo-model-color-purple,Purple,0.545,
vallejo-metal-jet-exhaust,Jet Exhaust,Vallejo,vallejo-model-wash-desert-dust,Desert Dust,0.545,
vallejo-model-gold,Gold,Vallejo,vallejo-game-color-gold-yellow,Gold Yellow,0.533,
vallejo-metal-gold,Gold,Vallejo,vallejo-game-color-gold-yellow,Gold Yellow,0.533,
vallejo-model-new-wood,New Wood,Vallejo,vallejo-true-metallic-arcane-gold,Arcane Gold,0.526,
vallejo-model-old-wood,Old Wood,Vallejo,vallejo-game-color-gold-yellow,Gold Yellow,0.526,
vallejo-metal-aluminium,Aluminium,Vallejo,vallejo-game-color-aquamarine,Aquamarine,0.526,
vallejo-model-iraqi-sand,Iraqi Sand,Vallejo,vallejo-model-color-pale-sand-ice,Pale Sand Ice,0.522,
vallejo-game-hexed-lichen,Hexed Lichen,Vallejo,vallejo-game-color-hammered-copper,Hammered Copper,0.519,
vallejo-model-oily-steel,Oily Steel,Vallejo,vallejo-model-color-military-green-pastel,Military Green Pastel,0.516,
vallejo-model-buff,Buff,Vallejo,vallejo-game-color-blue,Blue,0.500,
vallejo-model-burnt-umber,Burnt Umber,Vallejo,vallejo-game-color-bright-bronze,Bright Bronze,0.500,
vallejo-metal-white-aluminium,White Aluminium,Vallejo,vallejo-game-color-white,White,0.500,
vallejo-metal-dull-aluminium,Dull Aluminium,Vallejo,vallejo-model-color-andrea-blue-medium,Andrea Blue Medium,0.500,
vallejo-metal-magnesium,Magnesium,Vallejo,vallejo-game-color-magenta,Magenta,0.500,
vallejo-metal-engine-manifold,Engine Manifold,Vallejo,vallejo-game-color-chainmail,Chainmail,0.500,
vallejo-model-us-field-drab,US Field Drab,Vallejo,vallejo-model-color-ger-fieldgrey-wwiigerman,Ger. Fieldgrey WWIIGerman,0.486,
vallejo-metal-semi-matte-alum,Semi Matte Alum.,Vallejo,vallejo-model-color-basic-skin-tone-salmon,Basic Skin Tone Salmon,0.486,
vallejo-metal-exhaust-manifold,Exhaust Manifold,Vallejo,vallejo-game-color-chainmail,Chainmail,0.480,
